area,state,a_median,a_pct10,a_pct25,a_pct75,a_pct90
Abilene,TX,47096.59649122807,31627.01754385965,38100.0350877193,58140.52631578947,70476.0070671378
Aguadilla-Isabela,PR,28787.16346153846,20556.53846153846,23760.721153846152,36941.63461538462,45111.06280193237
Akron,OH,54828.51851851852,36269.14110429448,44119.54918032787,67639.0041493776,80155.06329113925
Albany,GA,46217.944664031624,30135.494071146244,36429.09090909091,57225.458167330675,69350.6072874494
Albany,OR,52356.78571428572,37517.98418972332,44254.466403162056,62871.38888888889,74747.4297188755
Albany-Schenectady-Troy,NY,62972.20103986135,43098.90410958904,51317.886597938144,75273.9222614841,88668.12727272727
Albuquerque,NM,53937.24206349206,37447.99212598425,44785.79881656805,66493.2,79035.12195121951
Alexandria,LA,44906.640316205536,30374.44881889764,36834.68503937008,55369.52569169961,66945.21739130435
Allentown-Bethlehem-Easton,PA,56646.7572815534,38737.10727969349,46671.46153846154,70464.1015625,84132.34468937876
Altoona,PA,48137.53968253968,32230.711462450592,39046.086956521736,58120.28,70472.48995983935
Amarillo,TX,49631.36111111111,32923.240997229914,40272.797783933514,61701.727019498605,73181.01983002832
Ames,IA,53705.846774193546,36535.180722891564,43716.02409638554,65428.0081300813,77836.68032786885
Anchorage,AK,65081.861575179,43537.36966824644,52715.04739336493,78780.31553398058,93493.78109452737
Ann Arbor,MI,61639.846153846156,42093.31154684096,50420.91703056769,75487.69401330377,88592.61467889909
Anniston-Oxford-Jacksonville,AL,43988.44036697248,30318.08219178082,36378.12785388128,53833.48623853211,64755.68807339449
Appleton,WI,54049.86486486487,37531.478494623654,44223.80053908356,65553.20652173914,77906.3085399449
Arecibo,PR,27060.063694267516,19941.019108280256,22637.1974522293,33654.71337579618,43070.509554140124
Asheville,NC,50691.336302895324,35418.69757174393,42334.02654867257,61488.69369369369,74129.1156462585
Athens-Clarke County,GA,48489.83922829582,32001.153846153848,39158.044871794875,59751.45631067961,73338.16993464052
Atlanta-Sandy Springs-Roswell,GA,56821.62824207493,37330.42613636364,46032.56776034237,70822.03784570597,84070.45180722892
Atlantic City-Hammonton,NJ,58166.56891495601,41138.28488372093,48503.895348837206,71771.0294117647,83091.99395770393
Auburn-Opelika,AL,49042.50965250965,33353.86973180077,40377.08812260536,60598.249027237354,70483.76
Augusta-Richmond County,GA,50334.69298245614,32536.63755458515,40275.0655021834,62499.53744493392,74962.8216704289
Austin-Round Rock,TX,57283.112582781454,38489.72176759411,46585.36945812808,71728.40266222962,82808.99130434783
Bakersfield,CA,61067.830578512396,42076.67351129364,49753.04526748971,75960.77244258873,89761.06837606838
Baltimore-Columbia-Towson,MD,60890.68148148148,41537.52186588921,50007.6798825257,74792.53731343284,87737.04160246532
Bangor,ME,52713.59322033898,38649.254237288136,44249.08474576271,62651.33105802048,73491.44827586207
Barnstable Town,MA,62266.49700598802,43851.96428571428,51766.07142857143,76221.14803625377,90978.53211009175
Baton Rouge,LA,51796.699410609035,34199.4324853229,41800.05870841487,65022.14990138067,78196.30522088353
Battle Creek,MI,54446.72340425532,37071.617021276594,44535.82978723404,66078.0686695279,77383.95652173914
Bay City,MI,51124.75409836065,34243.15217391304,41344.02173913043,63121.80327868852,74704.72222222222
Beaumont-Port Arthur,TX,53018.21428571428,34414.97448979592,41906.301020408166,66733.8717948718,80088.56020942409
Beckley,WV,45053.333333333336,30694.928909952607,37027.58293838862,55429.71291866029,66255.29126213593
Bellingham,WA,59063.46268656717,42618.125,49265.59523809524,71203.45345345345,84355.8912386707
Bend-Redmond,OR,55389.295774647886,40835.37604456824,46914.22969187675,67188.41807909604,79375.64469914041
Billings,MT,52886.64788732395,36779.075630252104,43840.19662921348,64521.107954545456,76351.4367816092
Binghamton,NY,55601.35294117647,39124.3567251462,45934.649122807015,68893.91691394658,79633.33333333333
Birmingham-Hoover,AL,53552.89962825279,36513.38858195212,43294.25925925926,65541.5037593985,77554.1359223301
Bismarck,ND,57483.97350993378,40953.86138613861,47614.13907284768,68648.13333333333,81489.02356902357
Blacksburg-Christiansburg-Radford,VA,52763.010380622836,36002.54295532646,43646.6323024055,64641.70138888889,78499.57597173145
Bloomington,IL,52272.771929824565,34459.05923344948,42168.885017421606,66844.73684210527,81234.82269503546
Bloomington,IN,50407.30627306273,35367.142857142855,42762.16117216117,63282.324723247235,76782.50936329587
Bloomsburg-Berwick,PA,50797.38693467337,34597.95,42153.8,62190.757575757576,69838.63157894737
Boise City,ID,51163.9430894309,34236.46464646464,41580.121703853954,63708.455284552845,77664.46721311475
Boston-Cambridge-Nashua,MA,67445.87168758718,46427.4043715847,54868.756906077346,82254.45390070922,94558.05389221557
Boulder,CO,66625.99537037036,46109.29061784897,54960.45871559633,79528.00947867299,91365.76732673268
Bowling Green,KY,46978.020833333336,32333.11418685121,38363.506944444445,57431.73611111111,68917.0979020979
Bremerton-Silverdale,WA,63873.948220064725,45493.3870967742,53010.16129032258,75342.35294117648,87495.08250825082
Bridgeport-Stamford-Norwalk,CT,68245.38,46954.46850393701,55728.84920634921,83099.42857142857,95740.10893246188
Brownsville-Harlingen,TX,44115.014492753624,28795.594202898552,35037.50724637681,54304.489795918365,65587.7485380117
Brunswick,GA,46378.36448598131,29518.93023255814,37068.79069767442,58881.173708920185,71624.54545454546
Buffalo-Cheektowaga-Niagara Falls,NY,59407.56896551724,41515.65143824027,48574.905982905984,72603.9652173913,84049.27536231885
Burlington,NC,48762.17054263566,33647.730769230766,40812.653846153844,60729.61240310078,71735.41501976285
Burlington-South Burlington,VT,56793.93530997304,40495.81769436997,47492.06434316354,69143.54054054055,82658.44686648501
California-Lexington Park,MD,67112.06008583691,44829.10256410256,53645.407725321886,82676.62337662338,93183.43891402715
Canton-Massillon,OH,50284.03940886699,34010.0,41096.32352941176,61340.94527363184,73006.54040404041
Cape Coral-Fort Myers,FL,50676.18510158014,35309.575892857145,41206.40449438202,63022.681818181816,74730.46728971963
Cape Girardeau,MO,44722.59911894273,31661.048034934498,37419.781659388645,55225.53097345133,67268.70535714286
Carbondale-Marion,IL,51241.082251082255,34792.28448275862,42001.81034482759,61226.40350877193,74739.25438596492
Carson City,NV,52852.73224043716,37008.260869565216,43820.87431693989,64022.74725274725,77778.45303867404
Casper,WY,52354.3961352657,36552.644230769234,43556.49038461538,64283.719806763285,78498.68932038835
Cedar Rapids,IA,53644.939467312346,36461.57004830918,43680.84541062802,64932.77372262774,78006.35696821516
Chambersburg-Waynesboro,PA,52981.422924901184,36104.1568627451,43313.188976377955,64741.15079365079,73210.97959183673
Champaign-Urbana,IL,54226.878787878784,38110.08928571428,44082.5,67783.69696969698,81242.4923076923
Charleston,WV,48992.49291784703,34031.4606741573,41234.35393258427,59870.05698005698,72288.67816091955
Charleston-North Charleston,SC,54500.0408997955,35754.57317073171,43586.183673469386,67125.57613168724,81270.37422037421
Charlotte-Concord-Gastonia,NC,55636.242236024846,38552.54211332312,46187.47692307692,68419.1875,80076.89320388349
Charlottesville,VA,56398.037135278515,38486.63157894737,45953.13984168865,69403.20855614974,81390.44198895028
Chattanooga,TN,48883.58870967742,32976.91382765531,39720.923694779114,60432.307692307695,73276.26530612246
Cheyenne,WY,52086.359832635986,37077.166666666664,42642.719665271965,62998.03347280335,76059.24686192468
Chicago-Naperville-Elgin,IL,60722.38744884038,40811.77181208054,49826.253369272235,75921.46374829001,88273.10541310541
Chico,CA,56464.63333333333,38803.023255813954,45510.73333333333,69049.83164983166,84613.34470989762
Cincinnati,OH,56309.86301369863,36838.035982008994,45581.984962406015,69577.23076923077,81592.71721958926
Clarksville,TN,47580.63444108761,32100.180722891568,39145.572289156626,58360.99697885197,70342.55319148937
Cleveland,TN,45073.11627906977,30329.627906976744,36151.767441860466,56280.37209302326,67721.08490566038
Cleveland-Elyria,OH,56717.59493670886,38108.831775700935,46216.447574334896,70481.81240063593,83037.71381578948
Coeur d'Alene,ID,48780.555555555555,32970.257352941175,39658.40740740741,60764.62962962963,74481.75373134328
College Station-Bryan,TX,46319.63483146067,30295.32212885154,37111.988795518206,57955.28248587571,71786.5142857143
Colorado Springs,CO,57105.57768924303,41157.42125984252,47522.281746031746,69658.07228915663,82189.40573770492
Columbia,MO,49662.53918495298,34005.64263322884,40307.11598746081,60489.74683544304,73753.96166134185
Columbia,SC,51476.927710843374,34814.203187251,41739.02,62511.56504065041,75997.17791411043
Columbus,GA,48523.83378016086,31767.319034852546,38741.099195710456,58923.39673913043,71061.45604395604
Columbus,IN,53738.8995215311,36338.578199052135,43867.57142857143,65992.2009569378,78479.9512195122
Columbus,OH,58522.97637795276,38777.078125,46669.748822605965,71190.68580542265,83664.87725040916
Corpus Christi,TX,52704.77434679335,35407.90588235294,43037.735849056604,65477.166666666664,77739.46987951807
Corvallis,OR,59703.34782608696,41467.913043478264,48977.217391304344,72011.96506550218,86309.91071428571
Crestview-Fort Walton Beach-Destin,FL,53543.57142857143,35838.63636363636,43934.34659090909,66565.43103448275,79411.77842565598
Cumberland,MD,49424.62962962963,33268.01843317972,39984.1935483871,61828.27906976744,74182.02830188679
Dallas-Fort Worth-Arlington,TX,56966.295774647886,37279.09465020576,46335.68870523416,70906.04815864023,82730.8345534407
Dalton,GA,47488.51239669421,31726.79012345679,38340.45267489712,58609.708333333336,69271.03004291846
Danbury,CT,62060.45138888889,42553.65517241379,49968.29861111111,75696.24561403508,86170.03703703704
Danville,IL,49488.39743589744,33094.743589743586,39684.61538461538,61729.42307692308,74652.33766233767
Daphne-Fairhope-Foley,AL,46557.692307692305,31323.589743589742,37919.37728937729,57395.14705882353,69137.73234200744
Davenport-Moline-Rock Island,IA,53285.37946428572,35838.16777041942,43545.19911504425,64815.30337078652,77956.93002257336
Dayton,OH,57384.21052631579,38307.831775700935,46203.358348968104,68561.44761904761,82933.11538461539
Decatur,AL,49167.59842519685,32913.92156862745,40448.58823529412,60713.38582677166,73444.52380952382
Decatur,IL,54810.36082474227,36158.55670103093,44047.37113402062,68919.06735751295,82446.26315789473
Deltona-Daytona Beach-Ormond Beach,FL,47302.52358490566,31266.84705882353,38143.41176470588,58534.166666666664,71848.11594202899
Denver-Aurora-Lakewood,CO,62723.27893175074,43998.087591240874,52636.60322108345,75944.46107784432,87642.51552795031
Des Moines-West Des Moines,IA,55963.275529865125,39202.746212121216,46150.114503816796,67173.96116504855,79678.32347140039
Detroit-Warren-Dearborn,MI,57451.522388059704,39999.0350877193,47512.0796460177,71323.27844311377,83712.98325722983
Dothan,AL,43574.27419354839,29655.180722891568,35964.53815261044,53115.65573770492,61774.979079497905
Dover,DE,52531.05454545454,37331.30434782609,43970.942028985504,63759.34545454545,76730.54945054946
Dover-Durham,NH,54390.94117647059,38838.48249027237,45058.509803921566,66120.07874015748,77919.35742971888
Dubuque,IA,50829.4623655914,35529.60854092527,41710.0,61768.447653429605,72854.83636363636
Duluth,MN,55978.029197080294,40107.3734939759,47025.48309178744,67528.53658536586,79496.83046683046
Durham-Chapel Hill,NC,60406.53421633554,40276.600877192985,48904.65934065934,74598.61915367484,87620.8120649652
East Stroudsburg,PA,51372.96610169492,34553.375527426164,41868.05907172996,61558.76068376069,73883.66379310345
Eau Claire,WI,53002.72171253822,36880.15197568389,43738.53658536585,63797.93846153846,74766.9375
El Centro,CA,57292.458333333336,40131.452282157676,47589.128630705396,70540.2510460251,84709.0756302521
El Paso,TX,45770.764462809915,29552.222222222223,36442.57731958763,56562.785862785866,68955.78288100209
Elizabethtown-Fort Knox,KY,50318.72881355932,33409.40677966102,40523.220338983054,61808.47457627119,72618.58369098713
Elkhart-Goshen,IN,49336.06451612903,35297.95527156549,41405.28846153846,60444.110032362456,72729.0522875817
Elmira,NY,53309.427083333336,37205.854922279796,43982.22797927461,65500.9947643979,77193.1914893617
Enid,OK,45281.62337662338,29843.766233766233,36453.05194805195,57133.76623376623,70825.09803921569
Erie,PA,49628.92957746479,32973.73595505618,40347.247191011236,62039.265536723164,74935.49857549857
Eugene,OR,55167.80542986425,40045.67928730512,47242.767857142855,66853.67346938775,79609.8861047836
Evansville,IN,48831.682692307695,33407.89976133651,39340.480769230766,60241.9806763285,72630.7281553398
Fairbanks,AK,63053.119266055044,43143.807339449544,51411.192660550456,75785.37037037036,89019.39252336448
Fargo,ND,55327.457627118645,38306.25603864734,44897.07021791767,66842.79805352798,78487.74193548386
Farmington,NM,50485.20930232558,34465.95348837209,40816.651162790695,61739.765258215964,74605.02369668246
Fayetteville,NC,50818.69565217391,34825.33141210375,41767.69452449568,61734.098837209305,74210.87719298246
Fayetteville-Springdale-Rogers,AR,50263.985507246376,34553.2134292566,41475.15587529976,61750.41463414634,71834.65994962216
Flagstaff,AZ,53383.85214007782,39539.84555984556,45156.70542635659,65605.05836575876,79718.54330708661
Flint,MI,52559.60843373494,36440.919881305635,43922.26190476191,64286.78787878788,76285.42944785276
Florence,SC,47433.04794520548,31520.136054421768,37766.65529010239,57821.6955017301,70496.11307420494
Florence-Muscle Shoals,AL,42926.84647302904,29155.95041322314,35111.48760330579,53113.541666666664,64601.05042016807
Fond du Lac,WI,54022.627118644064,37211.8487394958,43772.372881355936,65478.63247863248,76584.00862068965
Fort Collins,CO,59727.692307692305,41340.04376367615,48830.681318681316,72757.69401330377,83663.07517084283
Fort Smith,AR,43241.470588235294,29995.24926686217,35555.63049853373,53785.98820058997,64989.22619047619
Fort Wayne,IN,50250.43010752688,35097.563559322036,41493.99572649573,62272.06896551724,75144.25162689805
Fresno,CA,59068.88030888031,39972.38003838772,47969.69289827255,72305.38910505836,87387.21021611002
Gadsden,AL,40487.79069767442,27259.36046511628,33013.83720930233,49856.023391812865,61882.92397660819
Gainesville,FL,49499.97191011236,34066.42458100559,40775.33519553073,61230.0283286119,74923.57142857143
Gainesville,GA,48466.81967213115,33412.27272727273,39660.13029315961,60152.92763157895,73280.46666666666
Gettysburg,PA,50314.53125,33963.854166666664,40927.395833333336,61264.188481675395,73924.8947368421
Glens Falls,NY,53327.9435483871,38592.610441767065,44598.875502008035,65340.85020242915,77770.90534979424
Goldsboro,NC,46188.72549019608,32238.186274509804,38125.3431372549,55672.22772277228,68381.44278606965
Grand Forks,ND,52902.9435483871,36554.395161290326,43022.25806451613,63038.90243902439,74743.38842975207
Grand Island,NE,50948.275862068964,35812.84482758621,42468.879310344826,62432.95652173913,72433.93805309734
Grand Junction,CO,50563.9222614841,36522.20279720279,43419.33566433567,62536.57243816255,75162.14285714286
Grand Rapids-Wyoming,MI,54145.83187390543,37223.25259515571,44328.665511265164,65846.1170212766,78310.08944543828
Grants Pass,OR,47314.56647398844,35745.97701149425,39903.87283236994,57845.66473988439,70839.00584795322
Great Falls,MT,46459.95283018868,31764.38679245283,37860.42452830189,56715.8962264151,67707.63033175355
Greeley,CO,56554.85549132948,39711.79190751445,46892.080924855494,69610.69565217392,79430.24096385542
Green Bay,WI,53075.38812785388,36764.59090909091,43580.63781321185,64381.716247139586,76068.12933025404
Greensboro-High Point,NC,53491.71153846154,36420.896946564884,44096.00382409178,65525.637065637064,77342.61296660118
Greenville,NC,50037.22580645161,34588.06451612903,41004.354838709674,61619.190938511325,72104.43708609272
Greenville-Anderson-Mauldin,SC,50221.27789046653,34501.162324649296,41875.08032128514,62728.18737270876,76136.44032921811
Guayama,PR,29406.98795180723,21311.0843373494,25034.4578313253,36886.26506024096,46821.56626506024
Gulfport-Biloxi-Pascagoula,MS,49571.65829145729,33292.45,40376.290726817046,60312.90404040404,73467.9493670886
Hagerstown-Martinsburg,MD,52112.443181818184,36134.5197740113,42697.98866855524,63715.7183908046,76955.97101449275
Hammond,LA,43500.882352941175,29378.731707317074,34767.5,54369.75490196078,66706.0294117647
Hanford-Corcoran,CA,56478.77551020408,39564.56852791878,47119.64467005076,68604.8717948718,80976.45833333333
Harrisburg-Carlisle,PA,56940.94650205761,38217.26899383983,46183.511293634496,70021.9175257732,82986.3179916318
Harrisonburg,VA,47782.04379562044,34548.08664259928,40930.289855072464,59581.67883211679,71531.58671586716
Hartford-West Hartford-East Hartford,CT,65712.63440860216,45267.46031746032,53904.46619217082,79629.44043321299,91095.40642722117
Hattiesburg,MS,41228.305785123965,28875.591836734693,34231.55737704918,52496.94214876033,66704.6887966805
Hickory-Lenoir-Morganton,NC,47173.3692722372,33560.82666666667,40248.08,57141.327913279136,68316.42076502732
Hilton Head Island-Bluffton-Beaufort,SC,47244.154411764706,31965.824175824175,37829.55882352941,58989.0036900369,71843.78277153558
Hinesville,GA,50274.53846153846,34130.076335877864,42133.0534351145,61297.13178294573,71401.49606299213
Homosassa Springs,FL,42400.80924855491,28661.73410404624,34298.20809248555,53541.686046511626,66941.22807017544
Hot Springs,AR,42176.17224880383,30358.14285714286,35208.333333333336,52473.49282296651,62323.90243902439
Houma-Thibodaux,LA,49560.2027027027,32290.97972972973,38932.06081081081,60294.64163822526,72632.6551724138
Houston-The Woodlands-Sugar Land,TX,59329.05172413793,37685.444287729195,47235.28328611898,72453.14787701318,84909.45371775418
Huntington-Ashland,WV,47728.12339331619,32110.35714285714,38787.95396419437,59142.91989664083,71791.94805194806
Huntsville,AL,55822.24256292906,36919.45330296127,44787.33485193622,69207.16589861752,81847.24705882353
Idaho Falls,ID,51296.180555555555,33510.72664359862,41510.1384083045,65625.79861111111,78109.4306049822
Indianapolis-Carmel-Anderson,IN,54291.653666146645,37861.134969325154,44786.12055641422,67530.984375,79601.5088282504
Iowa City,IA,54900.40372670807,37808.978328173376,45278.544891640864,66501.72955974843,79927.84126984127
Ithaca,NY,62134.835680751174,42885.25821596244,50566.47887323944,75841.94312796209,87131.24378109453
Jackson,MI,53135.737704918036,35628.28571428572,43201.38775510204,64841.88524590164,76222.38493723849
Jackson,MS,46545.02173913043,30820.54229934924,37233.4273318872,57958.55895196507,70465.58498896247
Jackson,TN,45561.02040816326,31932.635135135137,38204.52702702703,55899.38566552901,68001.78694158075
Jacksonville,FL,51568.92733564014,35018.47341337908,42400.962199312715,64113.6,78048.0350877193
Jacksonville,NC,46547.98245614035,32282.052401746725,38532.22707423581,56515.63876651983,68450.17699115044
Janesville-Beloit,WI,54299.471830985916,37254.471830985916,44046.93661971831,65434.75177304965,76853.1899641577
Jefferson City,MO,48119.00332225914,33328.90728476821,39380.562913907284,59002.03333333333,72825.7525083612
Johnson City,TN,46212.54966887417,30907.6897689769,37417.557755775575,57201.993355481725,69836.35451505017
Johnstown,PA,47224.27385892116,32645.826446280993,38907.80991735537,57874.166666666664,69323.92405063291
Jonesboro,AR,44681.953125,31657.782101167315,37392.10116731517,54521.10236220472,64821.8
Joplin,MO,46989.20577617329,31809.530685920578,37846.06498194946,58473.55072463768,69461.91176470589
Kahului-Wailuku-Lahaina,HI,58036.224066390045,39474.09090909091,47686.94214876033,71810.75,85638.86554621848
Kalamazoo-Portage,MI,54365.12886597938,36580.154639175256,43448.0412371134,66321.62303664921,78205.86666666667
Kankakee,IL,51285.454545454544,34040.382775119615,40586.55502392344,63603.75,76484.3842364532
Kansas City,MO,56631.419847328245,37343.071104387294,45375.631659056315,69169.92283950618,82341.08150470219
Kennewick-Richland,WA,62179.33147632312,43941.85595567867,51633.65650969529,75566.56424581006,86682.41379310345
Killeen-Temple,TX,50478.81578947369,34130.05249343832,41113.464566929135,62682.23684210526,74182.80748663102
Kingsport-Bristol-Bristol,TN,47244.66487935657,32057.57978723404,39071.70212765958,57665.10810810811,70640.84010840108
Kingston,NY,55641.535580524345,38620.33707865168,45953.8202247191,68092.2641509434,82853.63984674329
Knoxville,TN,51537.3594548552,34619.32318104907,41706.85908319185,63029.5008605852,76348.69337979094
Kokomo,IN,49181.85393258427,32848.31460674157,39886.23595505618,59962.42937853107,73227.40112994351
La Crosse-Onalaska,WI,53004.25249169435,36329.76821192053,42970.99667774086,64087.09030100334,75343.55932203389
Lafayette,LA,45815.48302872063,30248.28125,37049.114583333336,56936.77165354331,70552.175066313
Lafayette-West Lafayette,IN,53075.80745341615,36175.01547987616,42915.71428571428,65326.52173913043,77245.59748427673
Lake Charles,LA,50323.807947019865,33262.17821782178,40436.46864686468,62472.0,77506.52173913043
Lake Havasu City-Kingman,AZ,46464.02489626556,33596.26556016597,38743.19502074689,56712.69709543569,69339.375
Lakeland-Winter Haven,FL,49353.467561521255,33635.64159292035,40286.815144766144,60092.73137697517,72899.36218678816
Lancaster,PA,52906.40176600441,35845.26315789474,43579.649122807015,65544.74501108647,78620.58426966293
Lansing-East Lansing,MI,56591.74603174603,38971.19638826185,46222.573363431155,69428.1506849315,81444.1958041958
Laredo,TX,44372.63157894737,29036.1797752809,35861.011235955055,55351.54135338346,67269.24528301887
Las Cruces,NM,49703.092783505155,34516.33561643836,41116.81506849315,60692.006920415224,73195.95818815331
Las Vegas-Henderson-Paradise,NV,54954.82638888889,37367.362068965514,45188.20379965458,68365.84642233857,82301.34275618375
Lawrence,KS,49451.73728813559,33121.86440677966,39580.84745762712,59614.444444444445,71052.78260869565
Lawton,OK,45456.26556016597,30058.595041322315,36810.330578512396,56000.543933054396,68028.02521008403
Lebanon,PA,50903.434782608696,35257.878787878784,41528.30434782609,60864.86842105263,73507.26872246696
Leominster-Gardner,MA,57623.168724279836,40470.36734693877,48247.34693877551,70765.53719008264,84968.94957983193
Lewiston,ID,51172.989130434784,35979.086021505376,42102.282608695656,62274.043715846994,76083.18681318681
Lewiston-Auburn,ME,51422.62357414448,38343.106060606064,43289.58174904943,61470.87786259542,72457.92307692308
Lexington-Fayette,KY,52176.41393442623,35866.68016194332,42669.24643584521,63963.34020618557,76953.44467640918
Lima,OH,50305.0,34503.22709163347,41297.92,61332.88617886179,75154.8163265306
Lincoln,NE,52576.84665226782,37513.30472103004,44238.81974248927,64126.04347826087,76920.52747252748
Little Rock-North Little Rock-Conway,AR,50382.77559055118,34768.21568627451,40606.515748031496,60976.566866267465,72434.79838709677
Logan,UT,45874.29090909091,29413.537906137186,37163.93501805054,58587.56363636364,72380.47970479705
Longview,TX,48776.838905775076,32582.303030303032,39534.15151515151,60576.43292682927,72686.37770897833
Longview,WA,59030.64220183486,42336.605504587154,49162.01834862385,70026.17511520737,81951.3488372093
Los Angeles-Long Beach-Anaheim,CA,67825.51912568306,44965.328859060406,55018.87248322148,83155.74616457462,93694.82861400895
Louisville/Jefferson County,KY,52708.78006872852,36430.74198988196,44066.11205432937,65518.57142857143,78551.9652173913
Lubbock,TX,47232.68844221105,31567.96992481203,38766.99248120301,59055.516372795966,71336.87022900763
Lynchburg,VA,50135.857142857145,33553.903133903135,40529.03133903134,62057.64367816092,74009.97084548105
Macon,GA,46908.04560260586,32055.339805825242,38271.94805194805,57686.19672131148,70590.43046357617
Madera,CA,57118.055555555555,38496.805555555555,45984.02777777778,68391.64319248826,80340.67307692308
Madison,WI,58094.469273743016,41053.89705882353,48264.248608534326,70940.35447761194,83168.56870229008
Manchester,NH,58221.444141689375,40358.7027027027,47370.16348773842,71743.39726027397,81669.34472934472
Manhattan,KS,48163.67441860465,31402.372093023256,38191.023255813954,59309.24882629108,72185.66666666667
Mankato-North Mankato,MN,56320.9594095941,39379.52205882353,46655.58823529412,67173.69402985074,79226.7924528302
Mansfield,OH,49103.17796610169,32742.627118644068,39588.09322033898,59485.64102564102,72707.93991416309
Mayaguez,PR,26878.13664596273,18981.92546583851,22151.987577639753,34704.16149068323,45360.18633540373
McAllen-Edinburg-Mission,TX,45121.0,29637.5,36590.81018518518,55466.697892271666,67372.25118483412
Medford,OR,53523.86167146974,38841.8,44683.467048710605,65552.30547550433,78904.0988372093
Memphis,TN,51882.77960526316,34512.85481239804,41691.08196721312,63120.23294509151,74392.44482173175
Merced,CA,56507.4358974359,39238.029197080294,46199.562043795624,68521.25925925926,83979.55223880598
Miami-Fort Lauderdale-West Palm Beach,FL,53879.14985590778,35695.326704545456,43664.04285714286,68182.36231884058,82596.47407407407
Michigan City-La Porte,IN,45379.13461538462,31526.65071770335,37352.067307692305,56156.20192307692,68581.49758454107
Midland,MI,58962.47311827957,38450.26737967914,46685.5376344086,71337.9781420765,79737.18390804598
Midland,TX,59695.268138801264,39708.33855799373,48013.301886792455,74060.31847133758,84592.84280936455
Milwaukee-Waukesha-West Allis,WI,57096.62828947369,39741.12012987013,46820.14705882353,70502.73476112026,81383.90202702703
Minneapolis-St. Paul-Bloomington,MN,62677.45738636364,44452.33983286908,51602.792665726374,75927.76183644189,87214.92581602374
Missoula,MT,47856.5306122449,33618.16949152543,39690.50847457627,58276.109215017066,69822.8275862069
Mobile,AL,51545.38461538462,35402.97709923664,42541.24681933842,62799.533678756474,74629.63254593176
Modesto,CA,57688.619854721546,40651.510791366905,47634.591346153844,70757.0243902439,85254.30693069307
Monroe,LA,44024.0977443609,29781.722846441946,36233.333333333336,55290.48872180451,67245.50943396226
Monroe,MI,54260.769230769234,36884.375,44265.96153846154,67368.22115384616,79118.25242718446
Montgomery,AL,49621.06699751861,32764.50738916256,39994.345679012345,60718.475,74315.775
Morgantown,WV,51339.48148148148,33874.31734317343,41637.52767527675,63951.119402985074,77428.74524714828
Morristown,TN,43280.09090909091,29079.272727272728,34941.545454545456,52823.5,63711.3698630137
Mount Vernon-Anacortes,WA,59198.03921568627,43435.953307393,49691.882352941175,71476.7843137255,83224.32
Muncie,IN,46024.14746543779,31934.26605504587,37706.35944700461,57955.253456221195,68659.20560747663
Muskegon,MI,51138.700787401576,35696.42023346303,42861.01167315175,61611.30952380953,73557.92828685259
Myrtle Beach-Conway-North Myrtle Beach,SC,45835.977653631286,31015.36111111111,37144.23398328691,56591.51685393258,69274.06779661016
Napa,CA,64964.891304347824,45152.36559139785,53902.114695340504,79235.09090909091,89239.53846153847
Naples-Immokalee-Marco Island,FL,53908.59459459459,36051.72506738544,43485.84905660377,66189.91780821918,79687.91549295775
Nashville-Davidson--Murfreesboro--Franklin,TN,53129.797507788164,35824.50617283951,42811.2693498452,64912.712933753945,77747.18446601942
New Bedford,MA,59720.57692307692,40745.653846153844,48196.769230769234,72509.2607003891,86696.29921259843
New Bern,NC,48175.560165975105,33676.049382716046,40987.16049382716,58575.208333333336,69067.93248945147
New Haven,CT,62472.238493723846,42760.805785123965,51247.128099173555,77849.68619246862,90957.1551724138
New Orleans-Metairie,LA,52524.10619469026,34871.816578483245,41780.654867256635,65930.35587188612,79556.24772313297
New York-Newark-Jersey City,NY,70973.19948186529,46793.78787878788,57053.02414231258,86405.87131367292,101181.58995815899
Niles-Benton Harbor,MI,50672.277992277996,34758.88461538462,41368.153846153844,62427.5486381323,76035.59523809524
North Port-Sarasota-Bradenton,FL,51310.934782608696,35448.86021505376,42331.9222462203,62793.47252747253,76201.16591928252
Norwich-New London-Westerly,CT,61425.115606936415,41850.37356321839,50541.9540229885,74752.75659824046,89087.92792792793
Ocala,FL,45289.65625,31742.314814814814,38293.808049535604,56291.477987421385,69030.28662420381
Ocean City,NJ,52208.85572139303,36717.87128712871,43711.53465346534,64376.36815920398,75543.95939086295
Odessa,TX,53131.031746031746,35636.28458498024,43536.403162055336,67601.90476190476,78381.86721991701
Ogden-Clearfield,UT,51608.15734989648,34927.07818930041,41942.78350515464,64275.08368200837,78240.46218487395
Oklahoma City,OK,51278.159203980096,33939.801652892565,41222.66115702479,64530.566666666666,76841.03389830509
Olympia-Tumwater,WA,65015.45197740113,46918.05633802817,54369.91549295775,76962.8125,87696.7536231884
Omaha-Council Bluffs,NE,54906.265270506105,38921.72649572649,45797.88296041308,66778.78734622145,79627.87234042553
Orlando-Kissimmee-Sanford,FL,52254.952229299364,34848.454258675076,43027.192429022085,65303.14606741573,79259.47882736157
Oshkosh-Neenah,WI,53599.81072555205,38050.96875,44508.80877742947,65054.96835443038,76130.12861736334
Owensboro,KY,48644.81481481482,32959.91803278688,39652.633744855964,59793.51239669421,72303.20833333333
Oxnard-Thousand Oaks-Ventura,CA,63068.4765625,42186.854368932036,50726.92607003891,77219.58579881657,90081.3469387755
Palm Bay-Melbourne-Titusville,FL,52651.142857142855,35826.048034934494,42704.36403508772,65573.51769911505,80463.82222222222
Panama City,FL,50501.74342105263,33843.2131147541,41371.27868852459,62834.750830564786,76914.9494949495
Parkersburg-Vienna,WV,44986.444444444445,31775.494505494506,37157.62430939227,55018.82681564246,66010.11235955056
Pensacola-Ferry Pass-Brent,FL,49633.21256038648,34043.35731414868,40986.21103117506,61201.824817518245,74878.75
Peoria,IL,54185.63968668407,35953.73056994819,43751.9689119171,67698.72062663185,79994.1755319149
Philadelphia-Camden-Wilmington,PA,61278.41891891892,41705.48941798942,50116.511318242345,76485.0068027211,89126.30465444288
Phoenix-Mesa-Scottsdale,AZ,56312.650073206445,40698.54046242774,47003.10043668122,68546.0650887574,81220.81570996979
Pine Bluff,AR,42522.03703703704,30385.432098765432,35261.97530864197,54292.28395061728,65278.125
Pittsburgh,PA,56798.7306501548,37785.41411042945,45965.253456221195,71037.24727838258,83708.36248012718
Pittsfield,MA,58116.35071090047,40142.5,47379.29245283019,70674.16267942583,84654.80582524271
Pocatello,ID,45236.910994764396,30616.062176165804,37045.12953367876,56755.02617801047,69822.15789473684
Ponce,PR,28377.754237288136,20759.15611814346,24398.143459915613,36280.720338983054,46203.00847457627
Port St. Lucie,FL,49471.68865435356,33034.75065616798,40168.241469816276,61567.12765957447,75110.05361930295
Portland-South Portland,ME,57144.709677419356,41755.310492505356,48204.88222698073,67860.73752711496,79557.9203539823
Portland-Vancouver-Hillsboro,OR,64372.41630276565,45808.75714285715,52749.10274963821,78245.0294117647,91960.75414781297
Portsmouth,NH,61736.87315634218,42078.709677419356,51115.60117302053,73949.88095238095,83840.12422360248
Prescott,AZ,50055.61403508772,36328.81118881119,41804.87719298246,61234.295774647886,72869.35483870968
Providence-Warwick,RI,62050.28419182949,44111.42608695652,52261.68126094571,76101.28801431127,86709.45488721805
Provo-Orem,UT,49894.32671081678,33315.76754385965,40429.846153846156,62603.81374722838,76212.02247191011
Pueblo,CO,52853.59848484849,37121.99248120301,44082.55639097744,63461.02661596958,75939.45736434108
Punta Gorda,FL,47995.82959641256,31823.022222222222,39721.46666666667,58984.29864253393,73003.16513761468
Racine,WI,53744.36170212766,36973.250883392226,44470.212014134275,65723.95017793594,78304.53237410072
Raleigh,NC,56508.52049910874,39117.1554770318,46846.79646017699,69196.17594254937,81623.12384473198
Rapid City,SD,50367.73462783171,38434.455128205125,43291.18971061093,59486.2987012987,68590.0
Reading,PA,54739.197994987466,36945.536159601,44395.23690773067,66590.43037974683,79486.2915601023
Redding,CA,56683.202614379086,39590.0325732899,46280.45602605863,69263.19078947368,83949.53642384105
Reno,NV,54251.649899396376,36371.3453815261,44239.93975903615,67205.46370967742,80794.26229508196
Richmond,VA,55653.46349745331,38075.671140939594,45632.60942760943,68759.48805460751,81176.24561403508
Riverside-San Bernardino-Ontario,CA,61616.33383010432,42280.384047267355,50451.6,76085.03012048193,87759.46540880503
Roanoke,VA,50951.53086419753,34211.22549019608,41690.66176470588,62570.59701492537,75174.15189873418
Rochester,MN,58135.917721518985,42085.76802507837,48459.93690851735,69604.04458598726,80853.52564102564
Rochester,NY,58691.33802816901,39693.8062283737,48022.28373702422,71482.875,82828.16822429906
Rockford,IL,53626.946778711485,35787.166666666664,43236.90807799443,65967.45762711864,78461.49425287357
Rocky Mount,NC,47621.46718146718,32463.899613899615,38980.42471042471,58500.65891472868,68766.48221343874
Rome,GA,46338.483412322275,30634.19811320755,37618.91509433962,57760.619047619046,70133.46153846153
Sacramento--Roseville--Arden-Arcade,CA,68425.68778979908,45305.96625766871,54637.846153846156,83733.44287949921,94883.85761589404
Saginaw,MI,50806.401384083045,35398.35051546392,41608.54671280277,61896.73611111111,73741.08391608391
Salem,OR,58022.16091954023,40936.22425629291,48801.762013729975,69849.584295612,82132.12962962964
Salinas,CA,62950.425531914894,43078.13157894737,51339.36675461741,78266.55080213904,92506.52054794521
Salisbury,MD,53429.75113122172,36251.264108352145,43337.4886877828,64299.977064220184,78022.5635103926
Salt Lake City,UT,56206.851265822785,37057.095761381475,45017.66561514196,69546.32587859425,83947.308319739
San Angelo,TX,43794.13223140496,30071.15702479339,35829.87603305785,54820.0826446281,67433.40248962656
San Antonio-New Braunfels,TX,54320.59011164274,36640.55031446541,45027.38582677166,66067.45571658615,79734.57050243112
San Diego-Carlsbad,CA,65648.67867867868,44332.444444444445,53328.541666666664,81321.93009118541,94474.15213946118
San Francisco-Oakland-Hayward,CA,77660.92989985694,50904.63172804532,62271.51988636364,92828.67256637168,103839.48717948717
San German,PR,24157.747747747748,18288.37837837838,20508.91891891892,29356.036036036036,38410.18018018018
San Jose-Sunnyvale-Santa Clara,CA,78572.12765957447,52214.46956521739,63770.75043630017,93016.7830882353,104842.60355029585
San Juan-Carolina-Caguas,PR,33573.90740740741,22491.75925925926,26772.64814814815,42954.71243042671,54036.4498141264
San Luis Obispo-Paso Robles-Arroyo Grande,CA,61588.12849162011,42652.03856749311,50714.86187845304,76289.88764044944,90717.52873563218
Santa Cruz-Watsonville,CA,64517.18934911243,43144.34017595308,51769.76470588235,78976.21621621621,93269.74921630094
Santa Fe,NM,51384.03100775194,37094.82625482626,43468.687258687256,62057.65625,76120.75098814229
Santa Maria-Santa Barbara,CA,63878.988764044945,43142.64444444444,52004.70982142857,79357.86036036036,92358.7587822014
Santa Rosa,CA,65300.78828828829,44662.88590604027,52654.22471910113,80536.61363636363,94222.12264150943
Savannah,GA,51712.24586288416,33532.35294117647,41549.6,64847.220902612826,78838.6265060241
Scranton--Wilkes-Barre--Hazleton,PA,52814.89406779661,35665.95387840671,42942.731092436974,65036.217948717946,78972.86637931035
Seattle-Tacoma-Bellevue,WA,70337.06056129985,50292.67727930535,58811.37426900585,84571.35338345864,98035.81538461539
Sebastian-Vero Beach,FL,47133.666666666664,32088.215767634854,38637.96680497925,58923.6974789916,71432.59574468085
Sebring,FL,40211.77215189873,27703.607594936708,33031.20253164557,49637.770700636946,61671.08974358974
Sheboygan,WI,53650.78125,37207.364341085275,44314.7859922179,65298.78431372549,76551.83266932271
Sherman-Denison,TX,47908.9406779661,32252.542372881355,38722.28813559322,58987.79661016949,71589.70085470086
Shreveport-Bossier City,LA,47125.16042780749,31368.96,38616.293333333335,57641.397849462366,70669.56756756757
Sierra Vista-Douglas,AZ,51482.22772277228,36539.60396039604,42715.0495049505,62615.0495049505,76500.64676616916
Sioux City,IA,51309.84662576687,35853.88379204893,42829.14373088685,61162.07430340557,72086.2893081761
Sioux Falls,SD,51347.71929824561,38489.925,43883.85,60489.19191919192,69890.35623409669
South Bend-Mishawaka,IN,50327.677261613695,34049.95133819951,41218.175182481755,61530.90909090909,73601.42144638405
Spartanburg,SC,50686.44117647059,33774.868035190615,41477.947214076245,61380.6528189911,75116.96428571429
Spokane-Spokane Valley,WA,58466.27329192546,42086.96098562628,49032.798353909464,71313.66666666667,81997.94055201698
Springfield,IL,55197.55882352941,38407.80979827089,44668.09941520468,67114.58579881657,81481.50150150151
Springfield,MA,61829.45205479452,42619.63249516441,50555.21317829457,75821.16141732283,90185.57114228456
Springfield,MO,48076.32603406326,34664.96402877698,40393.56626506024,60474.12195121951,73876.0294117647
Springfield,OH,49440.132158590306,33376.87224669603,39999.867841409694,61311.06194690266,73588.83408071748
St. Cloud,MN,54940.3125,40451.14845938375,46108.0790960452,66131.85714285714,76929.05172413793
St. George,UT,46060.13333333333,29910.562913907284,36506.61129568106,57499.79865771812,70498.4693877551
St. Joseph,MO,48571.483050847455,32983.9406779661,39561.0593220339,60092.13675213675,74228.75536480687
St. Louis,MO,56231.67159763313,37293.56828193833,45474.80117820324,70389.15178571429,83259.61715160796
State College,PA,52322.955465587045,35372.25806451613,42981.41129032258,63937.551020408166,76173.75
Staunton-Waynesboro,VA,50667.02479338843,35271.60493827161,41788.39506172839,61794.896265560164,71953.5864978903
Stockton-Lodi,CA,58717.23595505618,40705.70469798658,47833.87892376682,72090.6334841629,86776.37614678899
Sumter,SC,47339.635416666664,32164.19689119171,38375.416666666664,57287.22513089005,68504.65608465609
Syracuse,NY,59608.17120622568,41836.46271510516,48554.16988416988,73725.98825831703,85369.0
Tallahassee,FL,47903.88888888889,32791.23425692695,38716.919191919194,57402.35294117647,71153.89175257731
Tampa-St. Petersburg-Clearwater,FL,52798.90795631825,35280.26153846154,43419.460708782746,65521.1968503937,78898.15705128205
Terre Haute,IN,47288.40277777778,31962.931034482757,39222.31034482759,59818.71527777778,71645.08771929824
Texarkana,TX,45356.99619771863,30806.590909090908,37122.992424242424,56689.19847328244,68258.80308880309
The Villages,FL,47599.05325443787,32964.05882352941,39315.76470588235,58819.520958083835,72745.60975609756
Toledo,OH,53518.57433808554,34867.64227642276,42550.71138211382,65447.40206185567,79221.41666666667
Topeka,KS,50269.85835694051,34220.76056338028,40811.32394366197,61943.00283286119,74788.17663817664
Trenton,NJ,67966.9603524229,47308.77729257642,55647.741228070176,81884.98871331828,95851.36890951276
Tucson,AZ,52955.896946564884,38055.22641509434,44582.30623818526,64775.31669865643,77445.61403508772
Tulsa,OK,51497.93165467626,34713.31550802139,41611.364452423695,64395.07246376811,75461.63568773234
Tuscaloosa,AL,49949.700598802396,33505.0447761194,40428.567164179105,61395.95166163142,72203.49845201238
Twin Falls,ID,45922.23684210526,30844.14847161572,37584.323144104805,56606.09649122807,69119.24107142857
Tyler,TX,49165.329512893986,32442.285714285714,39246.62857142857,59747.65217391304,71820.82352941176
Urban Honolulu,HI,62453.62763915547,42890.92803030303,50960.91254752852,76383.94584139265,90420.15655577299
Utica-Rome,NY,55386.209677419356,38885.23936170213,46635.5585106383,68712.64864864865,80149.69359331476
Valdosta,GA,43205.51440329218,27929.876543209877,34217.366255144036,53715.53719008264,66174.25
Vallejo-Fairfield,CA,66436.3925729443,44873.94736842105,54015.01319261214,81514.7311827957,94740.13966480448
Victoria,TX,46870.29268292683,31293.024390243903,37436.29268292683,58079.95121951219,71345.71428571429
Vineland-Bridgeton,NJ,55980.90909090909,39226.931818181816,45844.09090909091,67762.39543726236,78638.79377431907
Virginia Beach-Norfolk-Newport News,VA,54891.24590163935,37910.436893203885,45923.98703403566,68212.04918032787,79629.69645868466
Visalia-Porterville,CA,57554.21621621621,39898.54054054054,46478.45945945946,69868.77049180328,81336.09550561798
Waco,TX,49263.01075268817,33568.63636363636,40650.294117647056,60644.4474393531,72410.89673913043
Walla Walla,WA,55800.232558139534,39113.313953488374,45826.686046511626,66658.72093023256,78539.94152046784
Warner Robins,GA,50500.17667844523,32865.24647887324,39914.770318021205,61627.61565836299,73253.72759856631
Washington-Arlington-Alexandria,DC,69818.7724137931,46181.74560216509,56631.358695652176,85427.04067321178,98541.80616740088
Waterbury,CT,56375.77946768061,40550.93984962406,47050.41509433962,68812.23076923077,81672.39215686274
Waterloo-Cedar Falls,IA,52686.04105571847,36558.221574344025,43726.34502923977,63513.834808259584,75976.43916913947
Watertown-Fort Drum,NY,53063.394495412846,37794.818181818184,44863.318181818184,64585.345622119814,75860.0
Wausau,WI,52999.48096885813,37138.206896551725,44318.24137931035,63680.6968641115,74805.49295774648
Weirton-Steubenville,WV,48577.040358744394,31848.214285714286,39796.5625,60675.85585585586,73775.31531531531
Wenatchee,WA,56940.8407079646,41437.0796460177,47713.45132743363,69180.30973451327,80643.37837837837
Wheeling,WV,48571.660377358494,32246.377358490565,38651.84905660377,59731.140684410646,72472.29885057472
Wichita Falls,TX,45351.263940520446,32048.560885608855,37700.96296296296,55146.816479400746,66348.03773584905
Wichita,KS,50731.62977867203,34263.96793587174,40982.93762575453,62047.024291497975,74485.70841889117
Williamsport,PA,50462.530120481926,33723.614457831325,41056.26506024096,61077.61133603239,72531.91836734694
Wilmington,NC,52149.4414893617,35798.80636604774,42496.02122015915,64018.65951742628,76096.16438356164
Winchester,VA,53800.62962962963,36869.379562043796,44516.080586080585,65832.8624535316,78557.03007518797
Winston-Salem,NC,51588.879310344826,35751.927194860815,42693.961456102785,62744.1341991342,74500.04405286344
Worcester,MA,63748.16115702479,44028.0163599182,52848.26175869121,77030.75313807532,89617.12742980561
Yakima,WA,56720.920634920636,40662.50793650794,47204.12698412698,66809.58064516129,77920.62091503268
York-Hanover,PA,53932.10918114144,36569.06633906634,44524.926108374384,66485.99502487562,79052.76381909547
Youngstown-Warren-Boardman,OH,48699.330357142855,31921.227678571428,38856.31696428572,59667.8202247191,72805.45248868778
Yuba City,CA,59520.74380165289,40772.72727272727,47945.20661157025,71206.27615062761,86284.6835443038
Yuma,AZ,49174.92248062015,35155.73643410853,40800.19379844961,59906.589147286824,73246.47286821705
